{
  "reward_rates": {
    "A": 0.26895846915480076,
    "B": 0.1285340176883701,
    "C": 0.4122981562354142,
    "D": 0.13096862210095497,
    "E": 0.12953285928762467,
    "F": 0.12891425795482148,
    "G": 0.13158589668348702,
    "H": 0.1287244159349288,
    "J": 0.13036179340208853,
    "K": 0.1315721332459112,
    "L": 0.13168048205305555
  },
  "counts": {
    "A": 3472696,
    "B": 9059625,
    "C": 2523858,
    "D": 9054749,
    "E": 9060589,
    "F": 9057400,
    "G": 9058068,
    "H": 9124283,
    "J": 9062686,
    "K": 9129646,
    "L": 9062239
  },
  "rds_scores": {
    "B": -0.006922066157810095,
    "A": 0.12444771480743362,
    "J": -0.005097203619951663,
    "L": -0.0037761542846572083,
    "F": -0.0065458548719740635,
    "E": -0.005923820810213798,
    "G": -0.0038680386890578445,
    "H": -0.006920274324895145,
    "D": -0.004490293090378937,
    "C": -1.7347902844588473e-17,
    "K": -0.0040724268649177005
  },
  "total_rows": 87665839
}